<?xml version="1.0" encoding="utf-8" standalone="yes" ?>
<Window size="360,600" sizebox="4,4,4,4" caption="0,0,0,40" mininfo="200,300" roundcorner="4,4">
    <Font name="微软雅黑" size="12" bold="false" italic="false" default="true" />
    <Font name="微软雅黑" size="12" bold="true" italic="false" />
    <Default name="VScrollBar" value="button1normalimage=&quot;file=&apos;scrollbar.png&apos; source=&apos;0,0,16,16&apos;&quot; button1hotimage=&quot;file=&apos;scrollbar.png&apos; source=&apos;16,0,32,16,16&apos;&quot; button1pushedimage=&quot;file=&apos;scrollbar.png&apos; source=&apos;32,0,48,16&apos;&quot; button2normalimage=&quot;file=&apos;scrollbar.png&apos; source=&apos;0,32,16,48&apos;&quot; button2hotimage=&quot;file=&apos;scrollbar.png&apos; source=&apos;16,32,32,48&apos;&quot; button2pushedimage=&quot;file=&apos;scrollbar.png&apos; source=&apos;32,32,48,48&apos;&quot; thumbnormalimage=&quot;file=&apos;scrollbar.png&apos; source=&apos;0,48,16,64&apos; corner=&apos;0,2,0,2&apos;&quot; thumbhotimage=&quot;file=&apos;scrollbar.png&apos; source=&apos;16,48,32,64&apos; corner=&apos;0,2,0,2&apos;&quot; thumbpushedimage=&quot;file=&apos;scrollbar.png&apos; source=&apos;32,48,48,64&apos; corner=&apos;0,2,0,2&apos;&quot; bknormalimage=&quot;file=&apos;scrollbar.png&apos; source=&apos;0,16,16,32&apos;&quot;" />
    <HorizontalLayout name="bg" bkimage="file=&apos;bg0.png&apos; corner=&apos;600,200,1,1&apos;">
        <VerticalLayout bkimage="file=&apos;border.png&apos; corner=&apos;5,5,5,5&apos;" inset="1,0,1,1">
            <HorizontalLayout height="22">
                <VerticalLayout width="60" inset="2,2,0,0">
                    <Label text="QQ2011" textcolor="#FFFFFFFF" disabledtextcolor="#FFA7A6AA" align="left" valign="center" />
                </VerticalLayout>
                <VerticalLayout />
                <VerticalLayout width="104">
                    <Button name="minbtn" float="true" pos="0,0,0,0" width="28" height="19" maxheight="19" maxwidth="28" textcolor="#FF000000" disabledtextcolor="#FFA7A6AA" align="center" valign="center" normalimage="file=&apos;btn_mini_normal.png&apos;" hotimage="btn_mini_highlight.png" pushedimage="btn_mini_down.png" />
                    <Button name="maxbtn" float="true" pos="28,0,0,0" width="28" height="19" maxheight="19" maxwidth="28" textcolor="#FF000000" disabledtextcolor="#FFA7A6AA" align="center" valign="center" normalimage="file=&apos;btn_max_normal.png&apos;" hotimage="btn_max_highlight.png" pushedimage="btn_max_down.png" />
                    <Button name="restorebtn" visible="false" float="true" pos="28,0,0,0" width="28" height="19" maxheight="19" maxwidth="28" align="center" valign="center" normalimage="file=&apos;btn_restore_normal.png&apos;" hotimage="btn_restore_highlight.png" pushedimage="btn_restore_down.png" />
                    <Button name="closebtn" float="true" pos="56,0,0,0" width="39" height="19" maxheight="19" maxwidth="39" textcolor="#FF000000" disabledtextcolor="#FFA7A6AA" align="center" valign="center" normalimage="file=&apos;btn_close_normal.png&apos;" hotimage="btn_close_highlight.png" pushedimage="btn_close_down.png" />
                </VerticalLayout>
            </HorizontalLayout>
            <HorizontalLayout height="58">
                <VerticalLayout width="70" inset="5,0,0,0">
                    <Button width="58" height="58" bkimage="file=&apos;man_big.png&apos;" textcolor="#FF000000" disabledtextcolor="#FFA7A6AA" align="center" valign="center" />
                </VerticalLayout>
                <VerticalLayout inset="0,6,0,4">
                    <HorizontalLayout height="22">
                        <Text text="tojen" textpadding="2,0,2,0" textcolor="#FFFFFFFF" disabledtextcolor="#FFA7A6AA" font="1" align="left" valign="top" />
                        <Control width="10" />
                        <Button width="40" height="20" bkimage="file=&apos;icon_a.png&apos; dest=&apos;3,3,17,17&apos;" align="center" valign="center" hotimage="file=&apos;btn_hot.png&apos; corner=&apos;2,8,2,2&apos;" />
                    </HorizontalLayout>
                    <HorizontalLayout>
                        <Button name="signaturetip" text="编辑个性签名" height="23" textpadding="4,0,4,0" textcolor="#FFFFFFFF" disabledtextcolor="#FFA7A6AA" align="left" valign="center" hotimage="file=&apos;btn_hot.png&apos; corner=&apos;2,8,2,2&apos;" />
                        <RichEdit name="signature" text="编辑个性签名" bordersize="1" height="22" bkcolor="#FFFFFFFF" bordercolor="#FFCCCCCC" inset="4,2,2,2" rich="false" multiline="false" align="left" />
                    </HorizontalLayout>
                </VerticalLayout>
                <VerticalLayout width="60" inset="4,4,4,4">
                    <Button width="48" height="48" bkimage="file=&apos;s_a1.png&apos;" textcolor="#FF000000" disabledtextcolor="#FFA7A6AA" align="center" valign="center" />
                </VerticalLayout>
            </HorizontalLayout>
            <VerticalLayout height="22">
                <HorizontalLayout>
                    <HorizontalLayout width="72" height="18" padding="5,0,0,0">
                        <Button bkimage="file=&apos;friend_circle.png&apos; mask=&apos;0xffffffff&apos;" textcolor="#FF000000" disabledtextcolor="#FFA7A6AA" align="center" valign="center" normalimage="file=&apos;friend_circle.png&apos; mask=&apos;0xffffffff&apos;" hotimage="file=&apos;allbtn_over.png&apos; corner=&apos;2,2,2,2&apos; mask=&apos;0xffffffff&apos;" pushedimage="file=&apos;allbtn_down.png&apos; corner=&apos;2,2,2,2&apos;  mask=&apos;0xffffffff&apos;" />
                        <Button bkimage="file=&apos;mail.png&apos; mask=&apos;0xffffffff&apos;" textcolor="#FF000000" disabledtextcolor="#FFA7A6AA" align="center" valign="center" normalimage="file=&apos;mail.png&apos; mask=&apos;0xffffffff&apos;" hotimage="file=&apos;allbtn_over.png&apos; corner=&apos;2,2,2,2&apos; mask=&apos;0xffffffff&apos;" pushedimage="file=&apos;allbtn_down.png&apos; corner=&apos;2,2,2,2&apos;  mask=&apos;0xffffffff&apos;" />
                        <Button bkimage="file=&apos;MainPanelServiceBarExt_XiaoYou.png&apos; mask=&apos;0xffffffff&apos;" textcolor="#FF000000" disabledtextcolor="#FFA7A6AA" align="center" valign="center" normalimage="file=&apos;MainPanelServiceBarExt_XiaoYou.png&apos; mask=&apos;0xffffffff&apos;" hotimage="file=&apos;allbtn_over.png&apos; mask=&apos;0xffffffff&apos;" pushedimage="file=&apos;allbtn_down.png&apos; mask=&apos;0xffffffff&apos;" />
                        <Button bkimage="file=&apos;soso.png&apos; mask=&apos;0xffffffff&apos;" textcolor="#FF000000" disabledtextcolor="#FFA7A6AA" align="center" valign="center" normalimage="file=&apos;soso.png&apos; mask=&apos;0xffffffff&apos;" hotimage="file=&apos;allbtn_over.png&apos; corner=&apos;2,2,2,2&apos; mask=&apos;0xffffffff&apos;" pushedimage="file=&apos;allbtn_down.png&apos; corner=&apos;2,2,2,2&apos;  mask=&apos;0xffffffff&apos;" />
                    </HorizontalLayout>
                    <HorizontalLayout />
                    <HorizontalLayout width="72" height="22" inset="0,0,0,2">
                        <Button text="{i MsgBox.png}{/i}" width="24" height="20" textcolor="#FF000000" disabledtextcolor="#FFA7A6AA" showhtml="true" align="center" valign="center" hotimage="file=&apos;btn_hot.png&apos; corner=&apos;2,8,2,2&apos;" />
                        <Button name="bkskinbtn" text="{i skin.png}{/i}" width="24" height="20" textcolor="#FF000000" disabledtextcolor="#FFA7A6AA" showhtml="true" align="center" valign="center" hotimage="file=&apos;btn_hot.png&apos; corner=&apos;2,8,2,2&apos;" />
                        <Button name="colorskinbtn" width="24" height="20" bkimage="file=&apos;colour.png&apos; mask=&apos;0xffffffff&apos;" textcolor="#FF000000" disabledtextcolor="#FFA7A6AA" align="center" valign="center" normalimage="file=&apos;colour.png&apos; mask=&apos;0xffffffff&apos;" hotimage="file=&apos;allbtn_over.png&apos; mask=&apos;0xffffffff&apos;" pushedimage="file=&apos;allbtn_down.png&apos; mask=&apos;0xffffffff&apos;" />
                    </HorizontalLayout>
                </HorizontalLayout>
            </VerticalLayout>
            <HorizontalLayout height="27" bkimage="file=&apos;search_bk.png&apos;">
                <Button name="search_tip" text="搜索联系人，网页信息和问问答案" height="27" textpadding="4,2,4,3" textcolor="#FF000000" disabledtextcolor="#FFA7A6AA" align="left" valign="center" />
                <RichEdit name="search_edit" text="搜索联系人，网页信息和问问答案" height="27" inset="4,4,4,3" rich="false" multiline="false" align="left" />
                <Button name="searchbtn" text="{i search_btn.png}{/i}" width="24" height="27" textcolor="#FF000000" disabledtextcolor="#FFA7A6AA" showhtml="true" align="center" valign="center" />
            </HorizontalLayout>
            <VerticalLayout bkimage="file=&apos;glow.png&apos; corner=&apos;2,2,2,2&apos;" inset="0,4,0,0">
                <HorizontalLayout height="26" padding="40,0,0,0" inset="4,0,4,0">
                    <Option name="friendbtn" text="联系人" width="70" height="26" disabledtextcolor="#FFA7A6AA" align="center" valign="center" group="true" selected="true" selectedimage="file=&apos;tab_btn.png&apos;" />
                    <Option name="groupbtn" text="群/讨论组" width="70" height="26" textcolor="#FF000000" disabledtextcolor="#FFA7A6AA" align="center" valign="center" group="true" selectedimage="file=&apos;tab_btn.png&apos;" />
                    <Option name="microblogbtn" text="微博" width="70" height="26" textcolor="#FF000000" disabledtextcolor="#FFA7A6AA" align="center" valign="center" group="true" selectedimage="file=&apos;tab_btn.png&apos;" />
                </HorizontalLayout>
                <HorizontalLayout>
                    <HorizontalLayout width="1" />
                    <VerticalLayout name="LeftMainPanel" width="35">
                        <VerticalLayout width="29" padding="5,0,0,0" bkimage="file=&apos;bjLeftPanel.png&apos; corner=&apos;2,100,2,2&apos;">
                            <Label height="5" textcolor="#FF000000" disabledtextcolor="#FFA7A6AA" align="left" valign="center" />
                            <Button width="24" height="24" bkimage="file=&apos;mainleft_Qzonebtn24_qzonebtn1.png&apos; mask=&apos;0xffffffff&apos;" textcolor="#FF000000" disabledtextcolor="#FFA7A6AA" align="center" valign="center" normalimage="file=&apos;mainleft_Qzonebtn24_qzonebtn1.png&apos; mask=&apos;0xffffffff&apos;" hotimage="file=&apos;allbtn_over.png&apos; mask=&apos;0xffffffff&apos;" pushedimage="file=&apos;allbtn_down.png&apos; mask=&apos;0xffffffff&apos;" />
                            <Label height="5" textcolor="#FF000000" disabledtextcolor="#FFA7A6AA" align="left" valign="center" />
                            <Button width="24" height="24" bkimage="file=&apos;mainleft_QQTradeCenter1.png&apos; mask=&apos;0xffffffff&apos;" textcolor="#FF000000" disabledtextcolor="#FFA7A6AA" align="center" valign="center" normalimage="file=&apos;mainleft_QQTradeCenter1.png&apos; mask=&apos;0xffffffff&apos;" hotimage="file=&apos;allbtn_over.png&apos; mask=&apos;0xffffffff&apos;" pushedimage="file=&apos;allbtn_down.png&apos; mask=&apos;0xffffffff&apos;" />
                            <Label height="5" textcolor="#FF000000" disabledtextcolor="#FFA7A6AA" align="left" valign="center" />
                            <Button width="24" height="24" bkimage="file=&apos;paipai1.png&apos; mask=&apos;0xffc0c0c0&apos;" textcolor="#FF000000" disabledtextcolor="#FFA7A6AA" align="center" valign="center" normalimage="file=&apos;paipai1.png&apos; mask=&apos;0xffc0c0c0&apos;" hotimage="file=&apos;allbtn_over.png&apos; mask=&apos;0xffc0c0c0&apos;" pushedimage="file=&apos;allbtn_down.png&apos; mask=&apos;0xffc0c0c0&apos;" />
                            <Label height="5" textcolor="#FF000000" disabledtextcolor="#FFA7A6AA" align="left" valign="center" />
                            <Button width="24" height="24" bkimage="file=&apos;PaiPaiChongzhi1.png&apos; mask=&apos;0xffffffff&apos;" textcolor="#FF000000" disabledtextcolor="#FFA7A6AA" align="center" valign="center" normalimage="file=&apos;PaiPaiChongzhi1.png&apos; mask=&apos;0xffffffff&apos;" hotimage="file=&apos;allbtn_over.png&apos; mask=&apos;0xffffffff&apos;" pushedimage="file=&apos;allbtn_down.png&apos; mask=&apos;0xffffffff&apos;" />
                            <Label height="5" textcolor="#FF000000" disabledtextcolor="#FFA7A6AA" align="left" valign="center" />
                            <Button width="24" height="24" bkimage="file=&apos;add.png&apos; mask=&apos;0xffffffff&apos;" textcolor="#FF000000" disabledtextcolor="#FFA7A6AA" align="center" valign="center" normalimage="file=&apos;add.png&apos; mask=&apos;0xffffffff&apos;" hotimage="file=&apos;allbtn_over.png&apos; mask=&apos;0xffffffff&apos;" pushedimage="file=&apos;allbtn_down.png&apos; mask=&apos;0xffffffff&apos;" />
                            <Label height="5" textcolor="#FF000000" disabledtextcolor="#FFA7A6AA" align="left" valign="center" />
                        </VerticalLayout>
                    </VerticalLayout>
                    <TabLayout name="tabs" bkimage="file=&apos;list_bk.png&apos;">
                        <HorizontalLayout>
                            <FriendList header="hidden" itemshowhtml="true" name="friends" vscrollbar="true" />
                        </HorizontalLayout>
                        <HorizontalLayout>
                            <GroupList header="hidden" itemshowhtml="true" name="groups" vscrollbar="true" />
                        </HorizontalLayout>
                        <HorizontalLayout>
                            <MicroBlog header="hidden" itemshowhtml="true" name="microblog" vscrollbar="true" />
                        </HorizontalLayout>
                    </TabLayout>
                    <HorizontalLayout width="1" inset="0,1,1,0" />
                </HorizontalLayout>
            </VerticalLayout>
            <VerticalLayout height="90">
                <VerticalLayout width="353" height="40" padding="5,0,0,0">
                    <HorizontalLayout padding="0,10,0,0">
                        <Button name="btnleft" width="18" height="18" padding="5,0,0,0" textcolor="#FF000000" disabledtextcolor="#FFA7A6AA" align="center" valign="center" normalimage="file=&apos;main_tabbtn_leftnormal.png&apos; mask=&apos;0xffffffff&apos;" hotimage="file=&apos;main_tabbtn_lefthighlight.png&apos; mask=&apos;0xffffffff&apos;" pushedimage="file=&apos;main_tabbtn_lefthighlight.png&apos; mask=&apos;0xffffffff&apos;" />
                        <Button name="btnright" visible="false" width="18" height="18" padding="5,0,0,0" textcolor="#FF000000" disabledtextcolor="#FFA7A6AA" align="center" valign="center" normalimage="file=&apos;main_tabbtn_rightnormal.png&apos; mask=&apos;0xffffffff&apos;" hotimage="file=&apos;main_tabbtn_righthighlight.png&apos; mask=&apos;0xffffffff&apos;" pushedimage="file=&apos;main_tabbtn_righthighlight.png&apos; mask=&apos;0xffffffff&apos;" />
                        <Container width="20" />
                        <Button width="20" height="20" bkimage="file=&apos;Wireless.png&apos; mask=&apos;0xffffffff&apos;" textcolor="#FF000000" disabledtextcolor="#FFA7A6AA" align="center" valign="center" normalimage="file=&apos;Wireless.png&apos; mask=&apos;0xffffffff&apos;" hotimage="file=&apos;allbtn_over.png&apos; corner=&apos;2,2,2,2&apos; mask=&apos;0xffffffff&apos;" pushedimage="file=&apos;allbtn_down.png&apos; corner=&apos;2,2,2,2&apos; mask=&apos;0xffffffff&apos;" />
                        <Button width="20" height="20" bkimage="file=&apos;game.png&apos; mask=&apos;0xffffffff&apos;" textcolor="#FF000000" disabledtextcolor="#FFA7A6AA" align="center" valign="center" normalimage="file=&apos;game.png&apos; mask=&apos;0xffffffff&apos;" hotimage="file=&apos;allbtn_over.png&apos; mask=&apos;0xffffffff&apos;" pushedimage="file=&apos;allbtn_down.png&apos; mask=&apos;0xffffffff&apos;" />
                        <Button width="20" height="20" bkimage="file=&apos;pet.png&apos; mask=&apos;0xffffffff&apos;" textcolor="#FF000000" disabledtextcolor="#FFA7A6AA" align="center" valign="center" normalimage="file=&apos;pet.png&apos; mask=&apos;0xffffffff&apos;" hotimage="file=&apos;allbtn_over.png&apos; mask=&apos;0xffffffff&apos;" pushedimage="file=&apos;allbtn_down.png&apos; mask=&apos;0xffffffff&apos;" />
                        <Button width="20" height="20" bkimage="file=&apos;live.png&apos; mask=&apos;0xffffffff&apos;" textcolor="#FF000000" disabledtextcolor="#FFA7A6AA" align="center" valign="center" normalimage="file=&apos;live.png&apos; mask=&apos;0xffc0c0c0&apos;" hotimage="file=&apos;allbtn_over.png&apos; mask=&apos;0xffc0c0c0&apos;" pushedimage="file=&apos;allbtn_down.png&apos; mask=&apos;0xffc0c0c0&apos;" />
                        <Button width="20" height="20" bkimage="file=&apos;music.png&apos; mask=&apos;0xffffffff&apos;" textcolor="#FF000000" disabledtextcolor="#FFA7A6AA" align="center" valign="center" normalimage="file=&apos;music.png&apos; mask=&apos;0xffffffff&apos;" hotimage="file=&apos;allbtn_over.png&apos; mask=&apos;0xffffffff&apos;" pushedimage="file=&apos;allbtn_down.png&apos; mask=&apos;0xffffffff&apos;" />
                    </HorizontalLayout>
                </VerticalLayout>
                <VerticalLayout height="50" padding="5,4,0,0">
                    <HorizontalLayout>
                        <HorizontalLayout>
                            <Button name="MainMenu" width="40" height="40" textcolor="#FF000000" disabledtextcolor="#FFA7A6AA" align="center" valign="center" normalimage="file=&apos;menu_btn_normal.png&apos; mask=&apos;0xffffffff&apos;" hotimage="file=&apos;menu_btn_highlight.png&apos; mask=&apos;0x00000000&apos;" pushedimage="file=&apos;menu_btn_highlight.png&apos; mask=&apos;0xffff00ff&apos;" />
                            <Button width="20" height="20" padding="0,10,0,0" bkimage="file=&apos;Tools.png&apos; mask=&apos;0xffffffff&apos;" textcolor="#FF000000" disabledtextcolor="#FFA7A6AA" align="center" valign="center" normalimage="file=&apos;Tools.png&apos; mask=&apos;0xffffffff&apos;" hotimage="file=&apos;allbtn_over.png&apos; mask=&apos;0xffffffff&apos;" pushedimage="file=&apos;allbtn_down.png&apos; mask=&apos;0xffffffff&apos;" />
                            <Button width="20" height="20" padding="0,10,0,0" bkimage="file=&apos;QQSafe.png&apos; mask=&apos;0xff000000&apos;" textcolor="#FF000000" disabledtextcolor="#FFA7A6AA" align="center" valign="center" normalimage="file=&apos;QQSafe.png&apos; mask=&apos;0xffffffff&apos;" hotimage="file=&apos;allbtn_over.png&apos; mask=&apos;0xffffffff&apos;" pushedimage="file=&apos;allbtn_down.png&apos; mask=&apos;0xffffffff&apos;" />
                            <Button width="20" height="20" padding="0,10,0,0" bkimage="file=&apos;message.png&apos; mask=&apos;0xffffffff&apos;" textcolor="#FF000000" disabledtextcolor="#FFA7A6AA" align="center" valign="center" normalimage="file=&apos;message.png&apos; mask=&apos;0xffffffff&apos;" hotimage="file=&apos;allbtn_over.png&apos; mask=&apos;0xffffffff&apos;" pushedimage="file=&apos;allbtn_down.png&apos; mask=&apos;0xffffffff&apos;" />
                        </HorizontalLayout>
                        <HorizontalLayout />
                        <HorizontalLayout width="22" padding="0,9,10,0">
                            <Option name="AppGrid" visible="false" width="22" height="22" bkimage="file=&apos;AppBox_grid.png&apos; mask=&apos;0xffffffff&apos;" bordercolor="#FF768D9B" textpadding="0,0,0,2" textcolor="#FFFF0000" disabledtextcolor="#FFA7A6AA" align="center" valign="center" normalimage="file=&apos;allbtn_over.png&apos; mask=&apos;0xffffffff&apos;" hotimage="file=&apos;allbtn_over.png&apos; mask=&apos;0xffffffff&apos;" pushedimage="file=&apos;allbtn_down.png&apos; mask=&apos;0xffffffff&apos;" group="quickbar" selected="true" selectedimage="file=&apos;allbtn_down.png&apos; mask=&apos;0xffffffff&apos;" />
                            <Option name="AppHome" width="22" height="22" bkimage="file=&apos;AppBox_Home.png&apos; mask=&apos;0xffffffff&apos;" bordercolor="#FF768D9B" textpadding="0,0,0,2" textcolor="#FFFF0000" disabledtextcolor="#FFA7A6AA" align="center" valign="center" normalimage="file=&apos;allbtn_nor.png&apos; mask=&apos;0xffffffff&apos;" hotimage="file=&apos;allbtn_over.png&apos; mask=&apos;0xffffffff&apos;" pushedimage="file=&apos;allbtn_down.png&apos; mask=&apos;0xffffffff&apos;" group="quickbar" selectedimage="file=&apos;allbtn_down.png&apos; mask=&apos;0xffffffff&apos;" />
                        </HorizontalLayout>
                    </HorizontalLayout>
                </VerticalLayout>
            </VerticalLayout>
        </VerticalLayout>
    </HorizontalLayout>
</Window>
